ID	Name	Designator	Footprint	Quantity	Manufacturer Part	Manufacturer	Supplier	Supplier Part	Price
"1"	"470uF"	"C1,C2"	"CAP-TH_BD8.0-P3.50-D0.6-FD"	"2"	"01EC1227SHC470UF25V"	"KNSCHA(科尼盛)"	"LCSC"	"C503221"	"0.061"
"2"	"330nF"	"C3,C4,C5,C6,C9,C10"	"CAP-TH_P5.08-D0.5"	"6"	"CT4G-0805-2X1-50V-0.1μF-K"	"TORCH(火炬)"	"LCSC"	"C141981"	"0.050"
"3"	"10uF"	"C7,C8"	"CAP-TH_BD5.0-P2.0-D0.5"	"2"	"GF221M010C110A"	"CapXon(丰宾)"	"LCSC"	"C2886720"	"0.036"
"4"	"KF8500-2P-8.4MM"	"CN1,CN2,CN3,CN4"	"CONN-TH_KF8500-2P-8.4MM"	"4"	"KF8500-2p-8.4MM"	"BOOMELE(博穆精密)"	"LCSC"	"C42860"	"0.134"
"5"	"TSS54LB"	"D1"	"SMB_L4.4-W3.6-LS5.4-RD"	"1"	"TSS54LB"	"ZHIDE(志得)"	"LCSC"	"C2917898"	"0.177"
"6"	"SR360"	"D2"	"10 AMP DIODE"	"1"	"10A10"	"ST(先科)"			""
"7"	"1N4007"	"D3,D4,D5"	"1N4007"	"3"	"10A10"	"ST(先科)"			""
"8"	"3pin_Jumper"	"JM1,JM2"	"3PIN_JUMPER"	"2"	"Jumper3"			"LCSC"	"C2940050"	""
"9"	"16 Amp Relay"	"K1,K2,K3"	"RELAY-TH_W15-1A2T-DC5V-16A"	"3"	"W15-1A2T-DC5V/16A"	"FANHAR(浙江凡华)"	"LCSC"	"C467024"	""
"10"	"33uH"	"L1"	"IND-SMD_L7.0-W6.6_FXL0630"	"1"	"YT0650-4R7M"	"Wenshan"	"LCSC"	"C428423"	""
"11"	"2SC1815-GR"	"Q1,Q2,Q3"	"TO-92-3_L4.9-W3.7-P1.27-L"	"3"	"2SC1815-GR"	"YFW(佑风微)"	"LCSC"	"C22459218"	"0.034"
"12"	"4.7k"	"R1,R8,R11,R12"	"RES35"	"4"	"PTFR0805B130KN9"	"ResistorToday"	"LCSC"	"C351613"	"0.195"
"13"	"2.2k"	"R2,R3,R6"	"RES35"	"3"	"PTFR0805B130KN9"	"ResistorToday"	"LCSC"	"C351613"	"0.195"
"14"	"1k"	"R4,R5,R7"	"RES35"	"3"	"PTFR0805B130KN9"	"ResistorToday"	"LCSC"	"C351613"	"0.195"
"15"	"330"	"R9,R10"	"RES35"	"2"	"PTFR0805B130KN9"	"ResistorToday"	"LCSC"	"C351613"	"0.195"
"16"	"10K"	"R13"	"RES35"	"1"	"PTFR0805B130KN9"	"ResistorToday"	"LCSC"	"C351613"	"0.195"
"17"	"Screw-M2"	"SCREW1,SCREW2,SCREW3"	"SCREW-M2"	"3"			""		""
"18"	"CYPC817"	"U1,U4,U7"	"DIP-4_L6.4-W4.6-P2.54-LS7.6-BL"	"3"	"CYPC817B"	"OCIC(卓睿科)"	"LCSC"	"C385061"	"0.040"
"19"	"ESP32-S"	"U3"	"WIRELM-SMD_ESP32-S"	"1"	"ESP32-S"	"Ai-Thinker"	"LCSC"	"C277944"	"3.836"
"20"	"JUMPER2"	"U5"	"HDR-TH_2P-P2.54-V-M-1"	"1"	"Jumper2"			"LCSC"	"C2940092"	""
"21"	"LM2596S-3.3-HXY"	"U6"	"TO-263-5_L10.2-W8.6-P1.70-LS14.4-TL"	"1"	"LM2596S-3.3-HXY"	"HXY MOSFET(华轩阳电子)"	"LCSC"	"C19626973"	"0.748"
"22"	"CON_DC-JACK_4_7"	"U8"	"DC-IN-TH_CON_DC-JACK_4_7"	"1"	"CON_DC-JACK_4_7"			"LCSC"	"C9900003943"	""
"23"	"Button"	"U13,U14"	"BUTTON"	"2"	"button"			""		""
"24"	"CEDIM-SEGUNDOPROYECTO-LORASX1278"	"U15,U16"	"LORA-SX1278"	"2"					""
"25"	"4 PIN HEADER"	"U17,U18,U19,U20"	"CONNECTOR_PINHEADER_2.54MM:PINHEADER_1X4"	"4"	"Female headerHDR1X8-2.54"	"BOOMELE"	"LCSC"	"C27438"	"0.117"
"26"	"2LED common anode"	"U21"	"2LED COMMON ANODE"	"1"					""